{
    "plddts": {
        "model_1": 69.61286453185639,
        "model_2": 63.92108468582201,
        "model_3": 70.13408747600556,
        "model_4": 57.64158695307385,
        "model_5": 45.19181690346427
    },
    "order": [
        "model_3",
        "model_1",
        "model_2",
        "model_4",
        "model_5"
    ]
}