{
    "features": 1013.0659375190735,
    "process_features_model_1": 2.548166513442993,
    "predict_and_compile_model_1": 177.60645604133606,
    "relax_model_1": 13.144304990768433,
    "process_features_model_2": 1.5389304161071777,
    "predict_and_compile_model_2": 162.93528771400452,
    "relax_model_2": 6.739967107772827,
    "process_features_model_3": 1.2657952308654785,
    "predict_and_compile_model_3": 145.05703568458557,
    "relax_model_3": 7.005789756774902,
    "process_features_model_4": 1.4656007289886475,
    "predict_and_compile_model_4": 144.06160974502563,
    "relax_model_4": 7.757424831390381,
    "process_features_model_5": 1.4886689186096191,
    "predict_and_compile_model_5": 126.7393639087677,
    "relax_model_5": 8.396160364151001
}