{
    "plddts": {
        "model_1": 74.73176213837367,
        "model_2": 79.38936848033241,
        "model_3": 68.22177259924227,
        "model_4": 75.90646810895589,
        "model_5": 75.44322658585969
    },
    "order": [
        "model_2",
        "model_4",
        "model_5",
        "model_1",
        "model_3"
    ]
}