{
    "plddts": {
        "model_1": 81.00180370234844,
        "model_2": 81.5024879735022,
        "model_3": 75.02019449431683,
        "model_4": 76.50656179877697,
        "model_5": 75.14247501210161
    },
    "order": [
        "model_2",
        "model_1",
        "model_4",
        "model_5",
        "model_3"
    ]
}