{
    "plddts": {
        "model_1": 75.52702282403628,
        "model_2": 77.0727565177755,
        "model_3": 77.61724731124093,
        "model_4": 76.40947985568428,
        "model_5": 76.50710359632423
    },
    "order": [
        "model_3",
        "model_2",
        "model_5",
        "model_4",
        "model_1"
    ]
}