{
    "features": 972.7797956466675,
    "process_features_model_1": 2.7089250087738037,
    "predict_and_compile_model_1": 179.6128602027893,
    "relax_model_1": 12.528595924377441,
    "process_features_model_2": 1.5939185619354248,
    "predict_and_compile_model_2": 161.90569591522217,
    "relax_model_2": 6.20746636390686,
    "process_features_model_3": 1.4192607402801514,
    "predict_and_compile_model_3": 146.12180519104004,
    "relax_model_3": 6.194002151489258,
    "process_features_model_4": 1.3735530376434326,
    "predict_and_compile_model_4": 144.36251020431519,
    "relax_model_4": 7.624686002731323,
    "process_features_model_5": 1.5114843845367432,
    "predict_and_compile_model_5": 127.85622477531433,
    "relax_model_5": 6.497496843338013
}