{
    "plddts": {
        "model_1": 74.296600074969,
        "model_2": 74.60521772027846,
        "model_3": 75.16670863739606,
        "model_4": 76.32206741261828,
        "model_5": 69.85569258176129
    },
    "order": [
        "model_4",
        "model_3",
        "model_2",
        "model_1",
        "model_5"
    ]
}