{
    "plddts": {
        "model_1": 75.3852457672702,
        "model_2": 80.85006112555065,
        "model_3": 73.24977292301583,
        "model_4": 75.08009910115084,
        "model_5": 67.88787861520635
    },
    "order": [
        "model_2",
        "model_1",
        "model_4",
        "model_3",
        "model_5"
    ]
}