{
    "plddts": {
        "model_1": 79.27945515058511,
        "model_2": 80.50097466850461,
        "model_3": 75.08372512223166,
        "model_4": 76.56333110756515,
        "model_5": 74.96603966624795
    },
    "order": [
        "model_2",
        "model_1",
        "model_4",
        "model_3",
        "model_5"
    ]
}