{
    "plddts": {
        "model_1": 77.90843533766352,
        "model_2": 83.14329617366495,
        "model_3": 68.3839659451371,
        "model_4": 76.76702821001705,
        "model_5": 69.77047074876388
    },
    "order": [
        "model_2",
        "model_1",
        "model_4",
        "model_5",
        "model_3"
    ]
}