{
    "plddts": {
        "model_1": 74.78103532460041,
        "model_2": 72.69482347895729,
        "model_3": 45.04710604396603,
        "model_4": 77.1048594506017,
        "model_5": 55.575566554352775
    },
    "order": [
        "model_4",
        "model_1",
        "model_2",
        "model_5",
        "model_3"
    ]
}