{
    "plddts": {
        "model_1": 76.13506238310302,
        "model_2": 79.69239973861644,
        "model_3": 65.72564570574671,
        "model_4": 76.07734432756237,
        "model_5": 69.58945004976135
    },
    "order": [
        "model_2",
        "model_1",
        "model_4",
        "model_5",
        "model_3"
    ]
}