{
    "plddts": {
        "model_1": 76.73912073234092,
        "model_2": 81.84207039128844,
        "model_3": 68.44874194142103,
        "model_4": 75.66327761747932,
        "model_5": 70.27091787244193
    },
    "order": [
        "model_2",
        "model_1",
        "model_4",
        "model_5",
        "model_3"
    ]
}