{
    "features": 1030.50683426857,
    "process_features_model_1": 2.64615797996521,
    "predict_and_compile_model_1": 179.9488079547882,
    "relax_model_1": 12.671535968780518,
    "process_features_model_2": 1.659057855606079,
    "predict_and_compile_model_2": 155.5501003265381,
    "relax_model_2": 6.11344313621521,
    "process_features_model_3": 1.258007526397705,
    "predict_and_compile_model_3": 151.28445482254028,
    "relax_model_3": 7.06382155418396,
    "process_features_model_4": 1.5203943252563477,
    "predict_and_compile_model_4": 145.29261302947998,
    "relax_model_4": 7.867892503738403,
    "process_features_model_5": 1.4427580833435059,
    "predict_and_compile_model_5": 125.72168278694153,
    "relax_model_5": 6.159152507781982
}