{
    "plddts": {
        "model_1": 67.18608931035921,
        "model_2": 72.9653788792244,
        "model_3": 53.83424846171194,
        "model_4": 64.0060803387653,
        "model_5": 67.969530702448
    },
    "order": [
        "model_2",
        "model_5",
        "model_1",
        "model_4",
        "model_3"
    ]
}