{
    "plddts": {
        "model_1": 58.3381742686639,
        "model_2": 55.971876921715044,
        "model_3": 55.790748279529915,
        "model_4": 43.39255814432434,
        "model_5": 43.22394233336474
    },
    "order": [
        "model_1",
        "model_2",
        "model_3",
        "model_4",
        "model_5"
    ]
}