{
    "features": 980.8270840644836,
    "process_features_model_1": 2.5893666744232178,
    "predict_and_compile_model_1": 179.53628754615784,
    "relax_model_1": 13.06520128250122,
    "process_features_model_2": 1.6325287818908691,
    "predict_and_compile_model_2": 163.03114318847656,
    "relax_model_2": 6.478876113891602,
    "process_features_model_3": 1.3496129512786865,
    "predict_and_compile_model_3": 145.22074484825134,
    "relax_model_3": 6.532347202301025,
    "process_features_model_4": 1.454681634902954,
    "predict_and_compile_model_4": 141.1624572277069,
    "relax_model_4": 7.454712867736816,
    "process_features_model_5": 1.4080829620361328,
    "predict_and_compile_model_5": 124.50695872306824,
    "relax_model_5": 7.97998046875
}