{
    "plddts": {
        "model_1": 77.11258594920353,
        "model_2": 79.20551819358187,
        "model_3": 75.65040736907866,
        "model_4": 77.4306675490503,
        "model_5": 75.5648598661341
    },
    "order": [
        "model_2",
        "model_4",
        "model_1",
        "model_3",
        "model_5"
    ]
}