{
    "plddts": {
        "model_1": 77.2992244596096,
        "model_2": 79.2900957364625,
        "model_3": 76.17109250644164,
        "model_4": 77.20608283484758,
        "model_5": 75.96473737338569
    },
    "order": [
        "model_2",
        "model_1",
        "model_4",
        "model_3",
        "model_5"
    ]
}