{
    "plddts": {
        "model_1": 76.86255525868184,
        "model_2": 79.1886874734085,
        "model_3": 76.18035434227566,
        "model_4": 77.49191941738715,
        "model_5": 76.03813575574154
    },
    "order": [
        "model_2",
        "model_4",
        "model_1",
        "model_3",
        "model_5"
    ]
}