{
    "plddts": {
        "model_1": 78.47973095295727,
        "model_2": 85.55430633015604,
        "model_3": 76.20160137751657,
        "model_4": 76.7615278991337,
        "model_5": 73.52282304218427
    },
    "order": [
        "model_2",
        "model_1",
        "model_4",
        "model_3",
        "model_5"
    ]
}