{
    "plddts": {
        "model_1": 60.3221271719681,
        "model_2": 59.879424158537574,
        "model_3": 58.68444710268437,
        "model_4": 64.34298218104955,
        "model_5": 63.51733581942031
    },
    "order": [
        "model_4",
        "model_5",
        "model_1",
        "model_2",
        "model_3"
    ]
}