{
    "plddts": {
        "model_1": 71.74210910567884,
        "model_2": 72.5098374628968,
        "model_3": 75.39270374317171,
        "model_4": 76.21267571853532,
        "model_5": 73.1253118709815
    },
    "order": [
        "model_4",
        "model_3",
        "model_5",
        "model_2",
        "model_1"
    ]
}