{
    "features": 737.1133091449738,
    "process_features_model_1": 2.538094997406006,
    "predict_and_compile_model_1": 167.82439875602722,
    "relax_model_1": 14.14800238609314,
    "process_features_model_2": 1.6081759929656982,
    "predict_and_compile_model_2": 152.33661460876465,
    "relax_model_2": 6.668917655944824,
    "process_features_model_3": 1.3186407089233398,
    "predict_and_compile_model_3": 134.92543053627014,
    "relax_model_3": 6.962342023849487,
    "process_features_model_4": 1.3650321960449219,
    "predict_and_compile_model_4": 132.86918258666992,
    "relax_model_4": 8.353687763214111,
    "process_features_model_5": 1.538822889328003,
    "predict_and_compile_model_5": 113.83534669876099,
    "relax_model_5": 7.788716077804565
}