{
    "plddts": {
        "model_1": 79.26332837774844,
        "model_2": 79.94025569680282,
        "model_3": 75.76346414830812,
        "model_4": 76.91104614091645,
        "model_5": 75.18140747303096
    },
    "order": [
        "model_2",
        "model_1",
        "model_4",
        "model_3",
        "model_5"
    ]
}