{
    "plddts": {
        "model_1": 79.11206880190669,
        "model_2": 85.50324458184868,
        "model_3": 76.43471999867837,
        "model_4": 76.77074791180006,
        "model_5": 73.42149382990246
    },
    "order": [
        "model_2",
        "model_1",
        "model_4",
        "model_3",
        "model_5"
    ]
}