{
    "plddts": {
        "model_1": 79.41624433106965,
        "model_2": 79.85101044668896,
        "model_3": 75.1789154696182,
        "model_4": 76.81864121758292,
        "model_5": 74.87222839233256
    },
    "order": [
        "model_2",
        "model_1",
        "model_4",
        "model_3",
        "model_5"
    ]
}