{
    "plddts": {
        "model_1": 68.90621580883604,
        "model_2": 66.2265763549058,
        "model_3": 55.65601467266294,
        "model_4": 43.21287554039787,
        "model_5": 43.45537529802094
    },
    "order": [
        "model_1",
        "model_2",
        "model_3",
        "model_5",
        "model_4"
    ]
}