{
    "features": 992.5264728069305,
    "process_features_model_1": 2.710326671600342,
    "predict_and_compile_model_1": 179.9703164100647,
    "relax_model_1": 13.50768518447876,
    "process_features_model_2": 1.5896258354187012,
    "predict_and_compile_model_2": 158.7278025150299,
    "relax_model_2": 6.588249206542969,
    "process_features_model_3": 1.3857402801513672,
    "predict_and_compile_model_3": 145.62374663352966,
    "relax_model_3": 6.5469810962677,
    "process_features_model_4": 1.3593671321868896,
    "predict_and_compile_model_4": 143.55261611938477,
    "relax_model_4": 11.518075704574585,
    "process_features_model_5": 1.4129180908203125,
    "predict_and_compile_model_5": 125.31616544723511,
    "relax_model_5": 6.832312345504761
}