{
    "plddts": {
        "model_1": 74.00471186658535,
        "model_2": 74.11752561463929,
        "model_3": 74.53225488533035,
        "model_4": 75.11152279362149,
        "model_5": 70.09676606510673
    },
    "order": [
        "model_4",
        "model_3",
        "model_2",
        "model_1",
        "model_5"
    ]
}