{
    "plddts": {
        "model_1": 75.99085418633298,
        "model_2": 81.95223987916559,
        "model_3": 68.69017035358253,
        "model_4": 75.77147014472986,
        "model_5": 69.44963390515838
    },
    "order": [
        "model_2",
        "model_1",
        "model_4",
        "model_5",
        "model_3"
    ]
}