{
    "plddts": {
        "model_1": 57.96533830874767,
        "model_2": 59.06324380744388,
        "model_3": 68.09444115365109,
        "model_4": 66.41353749253334,
        "model_5": 64.50703343237171
    },
    "order": [
        "model_3",
        "model_4",
        "model_5",
        "model_2",
        "model_1"
    ]
}