{
    "plddts": {
        "model_1": 78.01621828350957,
        "model_2": 77.90708635852037,
        "model_3": 62.67716331733801,
        "model_4": 44.82394687328794,
        "model_5": 40.64544701895378
    },
    "order": [
        "model_1",
        "model_2",
        "model_3",
        "model_4",
        "model_5"
    ]
}