{
    "plddts": {
        "model_1": 66.19794905305704,
        "model_2": 61.98236675675768,
        "model_3": 76.59256836270816,
        "model_4": 70.40164160427848,
        "model_5": 61.45108058012642
    },
    "order": [
        "model_3",
        "model_4",
        "model_1",
        "model_2",
        "model_5"
    ]
}