{
    "plddts": {
        "model_1": 77.49922556142475,
        "model_2": 83.53447474892643,
        "model_3": 70.72067854997923,
        "model_4": 75.73131595663587,
        "model_5": 69.98426476503191
    },
    "order": [
        "model_2",
        "model_1",
        "model_4",
        "model_3",
        "model_5"
    ]
}