{
    "plddts": {
        "model_1": 77.1172985270016,
        "model_2": 78.95909219661857,
        "model_3": 76.2769522524653,
        "model_4": 77.35978641326398,
        "model_5": 75.69164449823893
    },
    "order": [
        "model_2",
        "model_4",
        "model_1",
        "model_3",
        "model_5"
    ]
}