{
    "plddts": {
        "model_1": 79.50150897872575,
        "model_2": 86.38163258230354,
        "model_3": 76.26731452357701,
        "model_4": 74.88821288321418,
        "model_5": 70.7254666741655
    },
    "order": [
        "model_2",
        "model_1",
        "model_3",
        "model_4",
        "model_5"
    ]
}