{
    "plddts": {
        "model_1": 79.55276232127915,
        "model_2": 86.93048633969671,
        "model_3": 76.199781393984,
        "model_4": 74.66944367565061,
        "model_5": 70.20419729462128
    },
    "order": [
        "model_2",
        "model_1",
        "model_3",
        "model_4",
        "model_5"
    ]
}