{
    "plddts": {
        "model_1": 72.00194034672147,
        "model_2": 77.22453752932111,
        "model_3": 75.6081128801924,
        "model_4": 75.3216441191558,
        "model_5": 72.48648080344711
    },
    "order": [
        "model_2",
        "model_3",
        "model_4",
        "model_5",
        "model_1"
    ]
}