{
    "plddts": {
        "model_1": 74.88466963321065,
        "model_2": 77.28003730478933,
        "model_3": 72.44391505765415,
        "model_4": 75.94019014096847,
        "model_5": 73.8811716693122
    },
    "order": [
        "model_2",
        "model_4",
        "model_1",
        "model_5",
        "model_3"
    ]
}