{
    "plddts": {
        "model_1": 79.43957872866311,
        "model_2": 86.46552255557752,
        "model_3": 76.37263291810669,
        "model_4": 74.87094022454498,
        "model_5": 70.20987577903382
    },
    "order": [
        "model_2",
        "model_1",
        "model_3",
        "model_4",
        "model_5"
    ]
}