{
    "plddts": {
        "model_1": 79.43556534750456,
        "model_2": 80.63683713498175,
        "model_3": 76.20406942226306,
        "model_4": 75.8663376821103,
        "model_5": 72.41393351333393
    },
    "order": [
        "model_2",
        "model_1",
        "model_3",
        "model_4",
        "model_5"
    ]
}