{
    "features": 724.252053976059,
    "process_features_model_1": 2.635746717453003,
    "predict_and_compile_model_1": 181.55757784843445,
    "relax_model_1": 14.305188655853271,
    "process_features_model_2": 1.6154141426086426,
    "predict_and_compile_model_2": 160.11679339408875,
    "relax_model_2": 6.547458648681641,
    "process_features_model_3": 1.3262174129486084,
    "predict_and_compile_model_3": 144.3224012851715,
    "relax_model_3": 7.684673547744751,
    "process_features_model_4": 1.468015193939209,
    "predict_and_compile_model_4": 144.698415517807,
    "relax_model_4": 7.6023478507995605,
    "process_features_model_5": 1.525273323059082,
    "predict_and_compile_model_5": 127.3178608417511,
    "relax_model_5": 6.62969446182251
}