{
    "plddts": {
        "model_1": 74.19094013617182,
        "model_2": 74.28951372656768,
        "model_3": 75.11693782448121,
        "model_4": 76.94461206967654,
        "model_5": 69.9440699630116
    },
    "order": [
        "model_4",
        "model_3",
        "model_2",
        "model_1",
        "model_5"
    ]
}