{
    "plddts": {
        "model_1": 79.19662649529911,
        "model_2": 81.00972928039464,
        "model_3": 75.34008575979135,
        "model_4": 76.85666797962365,
        "model_5": 74.94304192211398
    },
    "order": [
        "model_2",
        "model_1",
        "model_4",
        "model_3",
        "model_5"
    ]
}