{
    "features": 913.2775206565857,
    "process_features_model_1": 2.543825149536133,
    "predict_and_compile_model_1": 178.51961255073547,
    "relax_model_1": 13.336471796035767,
    "process_features_model_2": 1.650170087814331,
    "predict_and_compile_model_2": 162.1579053401947,
    "relax_model_2": 6.51601243019104,
    "process_features_model_3": 1.3714981079101562,
    "predict_and_compile_model_3": 145.25619077682495,
    "relax_model_3": 7.896651268005371,
    "process_features_model_4": 1.434462547302246,
    "predict_and_compile_model_4": 145.63736581802368,
    "relax_model_4": 7.785829067230225,
    "process_features_model_5": 1.4866044521331787,
    "predict_and_compile_model_5": 126.34844279289246,
    "relax_model_5": 6.352149963378906
}