{
    "plddts": {
        "model_1": 76.52517460292131,
        "model_2": 79.94893987693747,
        "model_3": 67.45742899255374,
        "model_4": 75.59227746263637,
        "model_5": 69.76355835286915
    },
    "order": [
        "model_2",
        "model_1",
        "model_4",
        "model_5",
        "model_3"
    ]
}