{
    "plddts": {
        "model_1": 76.73280541337115,
        "model_2": 79.56864613579545,
        "model_3": 64.96402949790512,
        "model_4": 75.88871045644294,
        "model_5": 69.37996443396786
    },
    "order": [
        "model_2",
        "model_1",
        "model_4",
        "model_5",
        "model_3"
    ]
}